loan_amount,expected_revenue,payment_per_installment,predicted_months,total_repayment_amount,total_payments,num_payments_per_month
10000.0,20000.0,300.0,3,10375.0,34.583333333333336,12
1000000.0,2000000.0,5500.0,181,3262500.0,593.1818181818181,4
30000.0,40000.0,1000.0,7,32625.0,32.625,5
1000.0,2000.0,100.0,1,1004.1666666666666,10.041666666666666,11
2000.0,3000.0,300.0,1,2016.6666666666667,6.722222222222222,7
2000.0,500.0,200.0,1,2016.6666666666667,10.083333333333334,11
